id,first_name,last_name,email,ip_address,created_at,is_active
1,Dame,Cluley,dcluley0@nih.gov,155.86.204.241,2017-02-07 09:48:26,false
2,Guy,Wittering,gwittering1@reddit.com,221.174.176.36,2017-08-08 00:37:53,false
3,Klement,Bucke,kbucke2@dedecms.com,167.94.85.199,2016-09-05 23:43:19,true
4,Roselia,Dallander,rdallander3@adobe.com,135.10.21.248,2016-08-11 00:00:11,false
5,Arly,Terzza,aterzza4@va.gov,219.66.192.10,2017-03-23 22:11:42,true
6,Arron,Siehard,asiehard5@ibm.com,116.211.108.88,2017-07-07 23:11:50,true
7,Debera,Petrazzi,dpetrazzi6@addthis.com,18.167.49.108,2017-11-12 04:34:50,false
8,Timi,Agget,tagget7@home.pl,170.171.78.217,2016-03-14 02:04:33,true
9,Ines,Brixey,ibrixey8@biblegateway.com,251.141.4.42,2017-10-01 16:41:21,false
10,Karlen,Eggleton,keggleton9@amazon.co.jp,100.179.149.224,2016-04-15 10:05:00,true
11,Hamish,Winfield,hwinfielda@squarespace.com,5.34.205.16,2017-12-29 22:44:52,true
12,Stanton,Tiron,stironb@rambler.ru,171.5.190.125,2017-01-20 23:31:15,true
13,Tyne,Elner,telnerc@jiathis.com,165.155.112.184,2017-06-12 23:42:54,false
14,Lita,Kitley,lkitleyd@gmpg.org,138.131.8.94,2018-01-25 15:03:51,false
15,Alan,Morsley,amorsleye@dell.com,5.81.121.91,2016-03-18 19:37:49,true
16,Erinn,Stokoe,estokoef@walmart.com,244.57.254.248,2017-02-23 22:51:09,true
17,Dela,Oxley,doxleyg@state.gov,163.86.24.94,2017-04-12 20:19:20,true
18,Daryle,Reeve,dreeveh@1und1.de,175.30.172.20,2017-07-09 20:46:10,false
19,Micah,Smitham,msmithami@techcrunch.com,164.75.157.186,2016-02-25 16:17:57,true
20,Bernice,Van der Velde,bvanderveldej@i2i.jp,141.99.132.98,2017-07-28 23:31:24,false
21,Odo,Janacek,ojanacekk@redcross.org,50.195.72.49,2017-05-01 05:59:30,false
22,Lyndsey,Exter,lexterl@scribd.com,244.5.43.160,2017-02-13 11:32:04,false
23,Correy,Brash,cbrashm@loc.gov,233.67.52.95,2018-02-27 05:26:29,false
24,Lyle,Josilevich,ljosilevichn@rambler.ru,99.16.127.176,2016-08-06 03:37:03,false
25,Skip,Castiello,scastielloo@rambler.ru,118.174.3.50,2016-06-07 23:32:19,true
26,Philbert,Daltry,pdaltryp@tamu.edu,181.93.127.23,2016-08-16 12:52:52,true
27,Addie,Sikora,asikoraq@theatlantic.com,120.33.67.44,2016-09-01 12:45:37,true
28,Sibyl,Songist,ssongistr@noaa.gov,151.85.172.142,2016-02-11 01:14:50,false
29,Eyde,Dankersley,edankersleys@illinois.edu,147.170.154.132,2017-08-09 18:14:00,false
30,Dion,Pessler,dpesslert@reverbnation.com,51.92.202.203,2017-01-30 02:05:47,true
31,Rodd,Huntly,rhuntlyu@google.ru,82.198.158.0,2016-04-22 06:44:15,false
32,Inness,Cartmer,icartmerv@tripod.com,44.147.127.200,2017-03-11 12:03:56,false
33,Blakeley,Figgins,bfigginsw@ebay.co.uk,116.54.91.30,2016-05-28 14:25:49,true
34,Yancey,Leeburne,yleeburnex@people.com.cn,8.44.104.205,2016-08-09 03:15:02,false
35,Gustavus,Kemp,gkempy@sourceforge.net,101.126.34.176,2018-02-02 12:15:57,true
36,Annabela,Ardron,aardronz@slideshare.net,135.255.20.212,2017-10-29 03:13:03,true
37,Allister,Janota,ajanota10@yahoo.com,41.139.90.112,2016-09-19 04:21:50,true
38,Yoko,McBryde,ymcbryde11@weather.com,124.17.222.132,2016-08-21 14:32:04,false
39,Aprilette,Colebeck,acolebeck12@elegantthemes.com,14.62.14.45,2017-04-04 04:47:31,true
40,Oralia,Marklew,omarklew13@cnet.com,108.161.10.231,2017-12-29 23:15:15,true
41,Vi,Bryde,vbryde14@harvard.edu,20.91.132.215,2017-12-01 21:02:36,false
42,Koren,Emmanueli,kemmanueli15@fotki.com,151.86.146.63,2016-11-10 22:36:05,true
43,Corrie,Pendry,cpendry16@technorati.com,78.110.104.252,2017-11-22 07:57:23,true
44,Berton,Jakovijevic,bjakovijevic17@themeforest.net,243.201.191.244,2017-12-22 20:30:37,false
45,Ahmad,Lawerence,alawerence18@bluehost.com,234.146.69.92,2017-07-07 17:37:17,true
46,Walther,Mardee,wmardee19@sciencedirect.com,86.10.226.173,2016-06-23 09:20:51,false
47,Raynor,Reignolds,rreignolds1a@github.com,192.159.109.53,2016-04-19 13:32:00,false
48,Dom,Brodhead,dbrodhead1b@ed.gov,13.193.83.80,2016-09-24 03:16:43,false
49,Patton,Marrett,pmarrett1c@sourceforge.net,73.142.143.198,2016-06-02 19:20:48,true
50,Murielle,Reina,mreina1d@washington.edu,88.67.241.169,2017-10-01 01:56:52,true
51,Markos,Zylberdik,mzylberdik1e@ask.com,169.62.233.37,2017-03-23 19:40:19,true
52,Dorisa,Gosalvez,dgosalvez1f@mit.edu,10.111.156.111,2016-02-24 12:37:30,true
53,Amata,Moar,amoar1g@tinypic.com,214.241.229.183,2016-05-22 05:04:06,true
54,Graehme,Finnigan,gfinnigan1h@trellian.com,229.14.230.4,2016-12-27 00:49:18,true
55,Tanya,Sheers,tsheers1i@house.gov,43.212.37.134,2018-02-04 05:17:30,true
56,Germain,Beavers,gbeavers1j@hexun.com,91.219.240.74,2017-01-26 23:03:39,false
57,Emmye,Cerie,ecerie1k@independent.co.uk,58.183.233.79,2017-04-30 14:13:31,true
58,Reese,Glaisner,rglaisner1l@dropbox.com,63.181.9.68,2016-07-29 05:49:41,true
59,Christie,Phlippsen,cphlippsen1m@ucoz.ru,236.91.248.168,2017-07-07 12:37:10,false
60,Anthia,Tolland,atolland1n@hibu.com,124.60.13.101,2016-02-06 14:38:37,true
61,Annamarie,Pipworth,apipworth1o@ftc.gov,53.219.191.107,2017-06-13 08:29:04,true
62,Price,O'Gready,pogready1p@theatlantic.com,131.188.180.57,2016-09-28 08:44:38,false
63,Sergei,Cicero,scicero1q@telegraph.co.uk,100.97.16.84,2017-10-02 15:58:45,false
64,Dolorita,Lilion,dlilion1r@vimeo.com,150.43.252.51,2017-09-06 12:39:46,true
65,Perrine,Peetermann,ppeetermann1s@fema.gov,93.27.202.229,2017-07-08 08:49:37,false
66,Frieda,Gemelli,fgemelli1t@altervista.org,20.21.177.102,2016-04-18 05:58:59,false
67,Webster,Tully,wtully1u@nba.com,61.55.62.136,2016-02-18 11:01:23,true
68,Clara,Dadd,cdadd1v@rakuten.co.jp,67.84.203.36,2017-06-10 22:20:50,false
69,Gardener,Clarkin,gclarkin1w@bbc.co.uk,211.175.17.92,2017-11-27 23:33:42,true
70,Doll,Celez,dcelez1x@imdb.com,65.124.34.165,2017-01-03 06:40:44,true
71,Willy,Remnant,wremnant1y@nasa.gov,183.190.219.35,2017-05-27 11:05:47,false
72,Felicle,Scoterbosh,fscoterbosh1z@macromedia.com,12.103.23.230,2017-05-04 05:22:27,true
73,Egan,Ryland,eryland20@t.co,227.35.15.147,2016-06-09 11:50:39,true
74,Donny,Clissold,dclissold21@yellowpages.com,210.51.117.212,2016-03-08 22:48:18,true
75,Gwyneth,Brash,gbrash22@vistaprint.com,30.243.157.153,2016-01-23 17:11:17,true
76,Mervin,Woolis,mwoolis23@elegantthemes.com,52.171.162.135,2017-06-17 15:36:58,false
77,Alicea,Mewton,amewton24@com.com,236.53.172.152,2017-12-21 10:35:45,true
78,Whittaker,Biaggiotti,wbiaggiotti25@patch.com,85.219.77.207,2017-12-27 09:25:13,true
79,Teddie,Matevushev,tmatevushev26@nsw.gov.au,121.24.14.214,2017-12-09 16:30:35,false
80,Mal,Mc Gee,mmcgee27@eventbrite.com,85.138.92.81,2016-01-14 03:02:43,true
81,Teressa,Lourenco,tlourenco28@zdnet.com,33.2.78.199,2016-03-17 02:29:47,false
82,Willabella,Danelutti,wdanelutti29@ted.com,221.78.224.255,2016-03-06 14:34:53,true
83,Samaria,Hessle,shessle2a@surveymonkey.com,216.8.59.131,2017-03-30 11:02:45,true
84,Ruperto,Staite,rstaite2b@wikispaces.com,79.47.189.125,2017-08-23 22:09:19,true
85,Ashlee,Scotsbrook,ascotsbrook2c@trellian.com,91.104.127.195,2017-10-02 15:01:49,false
86,Godfry,Lawson,glawson2d@seesaa.net,241.54.44.84,2016-04-03 04:42:19,false
87,Rose,Lathleiffure,rlathleiffure2e@instagram.com,21.172.211.218,2016-05-11 04:37:44,true
88,Ricky,Helwig,rhelwig2f@sciencedirect.com,130.213.100.214,2017-12-02 11:58:19,true
89,Hersh,Castleman,hcastleman2g@mediafire.com,196.170.63.20,2016-11-06 15:18:34,false
90,Upton,Midghall,umidghall2h@wordpress.org,29.108.156.94,2017-03-24 03:48:22,true
91,Devi,Lowmass,dlowmass2i@parallels.com,243.189.157.74,2016-07-31 13:35:43,true
92,Cherry,Goldstein,cgoldstein2j@delicious.com,21.78.25.159,2016-06-02 22:19:13,true
93,Alfy,Yakubovics,ayakubovics2k@bigcartel.com,29.28.179.184,2016-10-13 08:03:28,true
94,Ambrosi,Martinyuk,amartinyuk2l@163.com,1.42.244.146,2016-01-24 23:02:40,false
95,Daniel,Duly,dduly2m@engadget.com,74.32.138.66,2017-03-26 09:02:19,false
96,Hazlett,Oakton,hoakton2n@booking.com,248.196.158.127,2016-11-01 10:55:45,true
97,Vivienne,Millery,vmillery2o@nyu.edu,99.21.99.255,2016-04-19 15:25:08,true
98,Glynda,Kupper,gkupper2p@yahoo.co.jp,89.13.224.249,2016-04-05 07:01:28,false
99,Pavlov,MacDwyer,pmacdwyer2q@netvibes.com,147.162.14.191,2018-02-10 06:57:45,true
100,Fonzie,Filip,ffilip2r@tripadvisor.com,244.178.118.180,2016-11-18 00:09:42,false
